channel_id,channel_name,niche,country,subscriber_count,view_count,video_count,avg_views_per_video,engagement_rate,upload_frequency,channel_age_days,estimated_monthly_revenue
UC000000SEED,CapitalCorner0,finance,US,15395,197758,89,2222,0.0467,2.88,932,159.85
UC000001SEED,WealthWave1,finance,JP,21891,92220,60,1537,0.0341,1.28,1423,38.17
UC000002SEED,FinFluent2,finance,CA,212603,889380,61,14580,0.0228,1.88,984,728.68
UC000003SEED,SweatSmart3,fitness,JP,27225,520576,392,1328,0.0208,4.25,2773,62.59
UC000004SEED,CapitalCorner4,finance,IN,120756,424818,27,15734,0.0248,0.6,1351,85.97
UC000005SEED,LiftLab5,fitness,DE,213904,2227743,189,11787,0.0645,5.24,1087,403.87
UC000006SEED,SkitKit6,comedy,MX,60887,3901020,395,9876,0.0659,4.42,2682,25.59
UC000007SEED,GadgetGuru7,tech,UK,48354,261657,27,9691,0.0478,1.8,457,249.62
UC000008SEED,WitWave8,comedy,MX,18469,2358460,611,3860,0.0813,4.9,3744,52.2
UC000009SEED,MoneyMind9,finance,US,2864616,63046113,111,567983,0.0222,2.19,1520,28884.18
UC000010SEED,LiftLab10,fitness,UK,24424,94218,383,246,0.0568,3.04,3792,7.55
UC000011SEED,FlexFlow11,fitness,DE,28689,275712,192,1436,0.0458,4.12,1400,41.7
UC000012SEED,CloudCast12,tech,IN,354152,13885020,180,77139,0.0241,4.4,1228,1627.29
UC000013SEED,MindMap13,education,AU,111661,776494,86,9029,0.053,5.05,513,740.03
UC000014SEED,GainGuru14,fitness,DE,18750,809984,448,1808,0.0479,3.61,3726,43.93
UC000015SEED,TradeTalk15,finance,DE,4993550,134781459,93,1449263,0.0365,0.77,3638,3087.89
UC000016SEED,SkitKit16,comedy,CA,34362,206572,86,2402,0.0752,6.52,398,77.76
UC000017SEED,MuscleMap17,fitness,AU,108841,2082300,220,9465,0.0369,5.39,1227,460.65
UC000018SEED,ComedyCave18,comedy,MX,50825,4834830,462,10465,0.0682,5.21,2659,85.36
UC000019SEED,IronPulse19,fitness,IN,196576,2678375,125,21427,0.0611,3.73,1008,82.67
UC000020SEED,StockSage20,finance,IN,34112,1103256,126,8756,0.0367,1.01,3767,68.45
UC000021SEED,CloudCast21,tech,UK,112937,3288990,255,12898,0.0279,4.59,1671,1240.5
UC000022SEED,ByteBlast22,tech,AU,322246,6475086,513,12622,0.0203,4.28,3600,792.81
UC000023SEED,BullRunTV23,finance,JP,208357,517066,22,23503,0.0254,1.43,475,450.7
UC000024SEED,DollarDrift24,finance,AU,584226,17873602,326,54827,0.0276,3.26,3004,2640.22
UC000025SEED,PixelPulse25,tech,IN,3632243,123541431,291,424541,0.0492,2.57,3403,6581.69
UC000026SEED,TechTrace26,tech,MX,107178,616860,298,2070,0.0265,4.74,1890,60.67
UC000027SEED,CloudCast27,tech,JP,294604,1713240,36,47590,0.0187,1.11,994,799.66
UC000028SEED,DollarDrift28,finance,UK,1006109,7598367,63,120609,0.0249,3.05,621,7913.68
UC000029SEED,FlexFlow29,fitness,US,278490,5939542,571,10402,0.0469,4.53,3787,641.0
UC000030SEED,FinFluent30,finance,FR,37166,1285956,147,8748,0.034,1.67,2651,356.65
UC000031SEED,CoreCraft31,fitness,IN,21436,1199380,182,6590,0.0727,3.2,1717,66.61
UC000032SEED,WitWave32,comedy,JP,3223650,62912800,304,206950,0.0517,5.13,1779,5109.95
UC000033SEED,SiliconSage33,tech,CA,42875,1623708,414,3922,0.0437,4.42,2809,258.21
UC000034SEED,KnowNow34,education,JP,38434,1584084,202,7842,0.037,2.32,2612,213.12
UC000035SEED,WitWave35,comedy,US,34481,2128880,520,4094,0.0983,4.7,3319,102.84
UC000036SEED,MoneyMind36,finance,UK,29917,526663,283,1861,0.0455,3.12,2724,17.42
UC000037SEED,InvestIQ37,finance,DE,2339674,9442003,53,178151,0.0305,2.52,633,45283.35
UC000038SEED,RoastReel38,comedy,FR,53343,1618500,375,4316,0.0504,8.13,1386,135.36
UC000039SEED,DataDriven39,tech,FR,524270,35250225,435,81035,0.0225,3.93,3323,5782.61
UC000040SEED,PeakPhysique40,fitness,UK,72761,898226,83,10822,0.0435,5.42,460,417.98
UC000041SEED,KnowNow41,education,FR,4757006,441524941,533,828377,0.0396,4.82,3319,12103.35
UC000042SEED,MoneyMind42,finance,BR,132207,3842292,199,19308,0.044,2.14,2806,331.48
UC000043SEED,PeakPhysique43,fitness,CA,59928,151700,74,2050,0.0742,4.77,469,99.23
UC000044SEED,FlexFlow44,fitness,AU,51051,545376,208,2622,0.0767,3.84,1630,127.91
UC000045SEED,MindMap45,education,JP,235961,296250,150,1975,0.0396,3.46,1303,65.67
UC000046SEED,CapitalCorner46,finance,UK,15493,317558,166,1913,0.0309,3.09,1621,111.16
UC000047SEED,LearnLift47,education,FR,22551,92690,65,1426,0.0298,2.87,687,60.3
UC000048SEED,PeakPhysique48,fitness,BR,306125,3130248,334,9372,0.0397,3.26,3084,362.81
UC000049SEED,GiggleGang49,comedy,FR,24897,509030,545,934,0.0906,5.53,2958,23.49
UC000050SEED,LearnLift50,education,IN,20353,153135,45,3403,0.0468,1.7,800,28.08
UC000051SEED,SiliconSage51,tech,JP,419175,31055700,195,159260,0.0254,3.03,1934,24258.18
UC000052SEED,FinFluent52,finance,US,22790,49610,55,902,0.0254,1.75,949,50.85
UC000053SEED,CoreCraft53,fitness,US,1335635,29851332,161,185412,0.0544,4.91,986,2056.28
UC000054SEED,InvestIQ54,finance,MX,262433,7274708,116,62713,0.0197,2.81,1246,3245.91
UC000055SEED,SkillStack55,education,UK,54870,2243736,99,22664,0.0573,2.31,1290,940.27
UC000056SEED,AIAlerts56,tech,US,1144903,12425200,100,124252,0.0328,3.7,816,7165.2
UC000057SEED,SiliconSage57,tech,JP,38010,808009,277,2917,0.0111,2.99,2782,129.14
UC000058SEED,SweatSmart58,fitness,AU,23484,389664,216,1804,0.0536,2.1,3082,27.98
UC000059SEED,LearnLift59,education,DE,710445,12546072,126,99572,0.0452,4.37,871,4863.56
UC000060SEED,KnowNow60,education,MX,226428,1484021,77,19273,0.0455,4.81,486,365.09
UC000061SEED,SiliconSage61,tech,CA,22979,448549,157,2857,0.0479,3.95,1198,146.97
UC000062SEED,FinFluent62,finance,CA,7440248,61651106,118,522467,0.005,1.43,2485,20096.81
UC000063SEED,GiggleGang63,comedy,MX,254378,4986888,564,8842,0.0693,5.77,2935,113.05
UC000064SEED,CapitalCorner64,finance,JP,22075,610902,729,838,0.0361,5.55,3944,79.13
UC000065SEED,ChuckleChief65,comedy,UK,49160,663796,302,2198,0.0955,5.59,1623,79.07
UC000066SEED,WitWave66,comedy,AU,12174,379090,835,454,0.0317,6.8,3690,14.07
UC000067SEED,LaughLab67,comedy,JP,12115662,228401712,112,2039301,0.0373,5.57,608,66198.89
UC000068SEED,BullRunTV68,finance,BR,21608,163982,442,371,0.0056,4.17,3184,6.33
UC000069SEED,PeakPhysique69,fitness,AU,49458,824212,148,5569,0.0674,2.41,1850,97.75
UC000070SEED,TechTrace70,tech,US,138956,1309952,68,19264,0.0427,2.03,1014,709.18
UC000071SEED,TechTrace71,tech,US,143983,3113110,286,10885,0.0382,2.38,3623,424.8
UC000072SEED,WisdomWell72,education,IN,132975,665190,30,22173,0.0639,0.5,1853,239.43
UC000073SEED,MoneyMind73,finance,DE,166752,2571804,108,23813,0.0496,2.43,1341,910.58
UC000074SEED,RoastReel74,comedy,JP,26864,130900,50,2618,0.0814,3.54,431,39.28
UC000075SEED,CoreCraft75,fitness,CA,2392569,134477992,439,306328,0.028,5.18,2547,11798.75
UC000076SEED,ThinkTank76,education,US,105480,99540,28,3555,0.0492,1.28,665,77.7
UC000077SEED,PeakPhysique77,fitness,AU,255948,1586100,425,3732,0.0588,4.22,3027,115.1
UC000078SEED,CryptoClarity78,finance,FR,28319,558272,488,1144,0.0304,4.87,3011,87.0
UC000079SEED,WitWave79,comedy,AU,139038,8295181,641,12941,0.0369,5.2,3699,478.67
UC000080SEED,MoneyMind80,finance,CA,3066562,10237668,28,365631,0.0251,0.67,1272,6540.37
UC000081SEED,GiggleGang81,comedy,DE,1945382,137924192,736,187397,0.0488,6.32,3498,4991.21
UC000082SEED,ChuckleChief82,comedy,US,158726,11498988,276,41663,0.068,5.19,1600,1945.59
UC000083SEED,AIAlerts83,tech,AU,208400,5521988,601,9188,0.0479,4.78,3778,3137.75
UC000084SEED,SkillStack84,education,DE,24130,179630,253,710,0.0398,2.5,3046,16.14
UC000085SEED,PixelPulse85,tech,UK,516630,6404126,193,33182,0.044,2.05,2835,977.58
UC000086SEED,FinFluent86,finance,BR,1256612,35178816,258,136352,0.0502,2.85,2726,7940.21
UC000087SEED,LiftLab87,fitness,DE,5405949,143987030,319,451370,0.0486,3.32,2895,10046.7
UC000088SEED,PixelPulse88,tech,DE,692204,5389360,184,29290,0.0448,4.15,1330,2227.02
UC000089SEED,PixelPulse89,tech,AU,154394,4970168,434,11452,0.005,3.77,3459,623.51
UC000090SEED,DataDriven90,tech,IN,4153950,256161062,502,510281,0.0348,4.62,3263,13843.19
UC000091SEED,IronPulse91,fitness,MX,183967,4278340,220,19447,0.0381,4.18,1583,315.22
UC000092SEED,RoastReel92,comedy,AU,4894261,536295376,568,944182,0.0273,6.4,2661,49862.31
UC000093SEED,GiggleGang93,comedy,FR,43204,611240,140,4366,0.0721,5.72,737,120.42
UC000094SEED,SkillStack94,education,IN,119708,1357380,60,22623,0.034,3.44,531,302.87
UC000095SEED,HahaHub95,comedy,UK,725813,7909720,91,86920,0.0753,2.86,959,2084.68
UC000096SEED,FitForge96,fitness,CA,21386,105078,249,422,0.064,3.86,1936,3.33
UC000097SEED,AIAlerts97,tech,UK,31365,1176873,183,6431,0.0356,3.22,1704,446.15
UC000098SEED,IronPulse98,fitness,BR,178268,4849392,372,13036,0.0612,4.24,2641,207.37
UC000099SEED,FinFluent99,finance,BR,19234,266910,205,1302,0.0393,2.48,2480,27.41
UC000100SEED,KnowNow100,education,US,197477,1268234,187,6782,0.0461,3.94,1425,437.36
UC000101SEED,MindMap101,education,IN,260020,260780,68,3835,0.0427,5.14,400,68.19
UC000102SEED,AIAlerts102,tech,DE,191569,4283556,269,15924,0.0406,2.81,2871,733.99
UC000103SEED,TechTrace103,tech,BR,243459,7785159,471,16529,0.0458,4.32,3279,531.96
UC000104SEED,EduEdge104,education,FR,321626,3632001,223,16287,0.033,2.22,3024,529.16
UC000105SEED,CodeCraft105,tech,FR,880792,29839824,336,88809,0.0325,3.38,2979,4271.78
UC000106SEED,GiggleGang106,comedy,CA,2319295,40335781,493,81817,0.0924,4.92,3008,2428.42
UC000107SEED,CapitalCorner107,finance,IN,4162500,44866185,65,690249,0.0198,0.54,3639,2963.0
UC000108SEED,FitForge108,fitness,UK,40350,434058,146,2973,0.0577,4.31,1018,117.67
UC000109SEED,SkillStack109,education,US,166169,2511850,110,22835,0.0394,3.45,959,1692.88
UC000110SEED,BullRunTV110,finance,MX,207831,845600,50,16912,0.0261,0.96,1590,28.3
UC000111SEED,PunchlinePro111,comedy,BR,305952,15402725,415,37115,0.0727,5.96,2090,390.59
UC000112SEED,CloudCast112,tech,JP,187327,738558,282,2619,0.035,2.26,3759,90.59
UC000113SEED,LiftLab113,fitness,AU,250782,28285785,495,57143,0.0317,5.33,2789,1046.28
UC000114SEED,SkillStack114,education,IN,50563,7009275,455,15405,0.042,3.59,3798,285.86
UC000115SEED,ByteBlast115,tech,US,338202,850584,83,10248,0.0519,2.19,1148,575.63
UC000116SEED,WealthWave116,finance,BR,36379,977346,243,4022,0.036,3.01,2426,124.53
UC000117SEED,ComedyCave117,comedy,BR,14362,701613,627,1119,0.0489,5.64,3337,13.06
UC000118SEED,EduEdge118,education,AU,80351,4590069,367,12507,0.0114,4.21,2616,698.12
UC000119SEED,FinFluent119,finance,FR,118600,3324064,436,7624,0.0362,5.29,2473,1492.45
UC000120SEED,WealthWave120,finance,DE,176262,10346760,369,28040,0.0216,2.97,3734,332.76
UC000121SEED,CapitalCorner121,finance,CA,122263,2256100,175,12892,0.014,1.78,2968,71.9
UC000122SEED,GainGuru122,fitness,IN,402230,4717944,308,15318,0.05,3.91,2365,152.47
UC000123SEED,SkillStack123,education,AU,242330,1218393,93,13101,0.0307,1.51,1859,207.74
UC000124SEED,WealthWave124,finance,IN,607690,1273504,32,39797,0.0335,1.01,975,257.39
UC000125SEED,PunchlinePro125,comedy,MX,450345,21490888,328,65521,0.0979,4.54,2170,501.24
UC000126SEED,GainGuru126,fitness,UK,88836,326331,101,3231,0.0412,4.68,653,183.64
UC000127SEED,MoneyMind127,finance,AU,26646,118720,224,530,0.0389,2.9,2327,36.75
UC000128SEED,SiliconSage128,tech,US,175575,1736748,108,16081,0.0406,5.57,583,1684.0
UC000129SEED,StockSage129,finance,JP,273971,3597790,206,17465,0.0342,3.81,1628,302.13
UC000130SEED,ClassCraft130,education,UK,32662,1575936,432,3648,0.0561,3.85,3367,180.05
UC000131SEED,SweatSmart131,fitness,BR,109359,2314947,197,11751,0.0503,2.64,2239,148.16
UC000132SEED,AIAlerts132,tech,JP,39629,562288,452,1244,0.0398,3.82,3556,81.42
UC000133SEED,JokeJam133,comedy,DE,30923,3297112,637,5176,0.0686,5.7,3354,132.5
UC000134SEED,RoastReel134,comedy,FR,41223,374256,113,3312,0.0799,5.57,612,73.0
UC000135SEED,WisdomWell135,education,DE,262007,6165588,132,46709,0.037,1.46,2728,2844.07
UC000136SEED,LiftLab136,fitness,FR,23444,355047,159,2233,0.0684,2.16,2216,39.32
UC000137SEED,LaughLab137,comedy,MX,14866,757875,375,2021,0.09,3.34,3373,18.14
UC000138SEED,CloudCast138,tech,CA,10000,12744,177,72,0.0376,2.31,2310,2.1
UC000139SEED,CloudCast139,tech,CA,27043,299200,320,935,0.0267,5.55,1731,105.29
UC000140SEED,StudySync140,education,US,28451,1025898,366,2803,0.0534,4.11,2681,218.17
UC000141SEED,ComedyCave141,comedy,MX,217568,6709208,478,14036,0.0683,5.06,2837,128.63
UC000142SEED,EduEdge142,education,JP,35542,933075,225,4147,0.0565,2.15,3143,134.7
UC000143SEED,ComedyCave143,comedy,AU,155568,7317109,361,20269,0.0852,4.73,2292,666.84
UC000144SEED,InvestIQ144,finance,JP,41900,29216,88,332,0.0204,2.25,1181,11.41
UC000145SEED,MuscleMap145,fitness,FR,2217846,116670736,454,256984,0.0351,5.03,2712,12577.24
UC000146SEED,PixelPulse146,tech,AU,118975,3163840,320,9887,0.0393,4.1,2346,713.47
UC000147SEED,MuscleMap147,fitness,DE,94854,2920216,344,8489,0.0216,4.68,2212,36.71
UC000148SEED,IronPulse148,fitness,AU,26463,645775,325,1987,0.0574,2.98,3273,152.65
UC000149SEED,CloudCast149,tech,AU,249789,716646,42,17063,0.0411,2.56,493,934.04
UC000150SEED,CryptoClarity150,finance,US,1128757,6306055,49,128695,0.0289,0.5,2989,1427.61
UC000151SEED,SkitKit151,comedy,IN,137395,1119152,113,9904,0.1207,4.84,703,102.69
UC000152SEED,WealthWave152,finance,UK,146338,5341060,391,13660,0.0212,3.49,3364,247.51
UC000153SEED,FlexFlow153,fitness,IN,20320,454305,155,2931,0.0514,2.99,1557,32.85
UC000154SEED,ZenZeal154,fitness,UK,42404,1184133,219,5407,0.0702,3.55,1855,133.12
UC000155SEED,CloudCast155,tech,CA,21857,336296,331,1016,0.0407,4.43,2248,89.27
UC000156SEED,RoastReel156,comedy,MX,181425,17564544,386,45504,0.103,5.47,2120,431.46
UC000157SEED,InvestIQ157,finance,MX,238664,818154,54,15151,0.0275,2.65,615,86.78
UC000158SEED,CoreCraft158,fitness,AU,179067,2733868,67,40804,0.0493,3.37,602,927.23
UC000159SEED,AIAlerts159,tech,UK,206812,6004955,517,11615,0.0328,4.12,3770,816.79
UC000160SEED,EduEdge160,education,AU,831224,15127386,174,86939,0.0338,2.03,2576,7194.42
UC000161SEED,WitWave161,comedy,FR,1626236,206420560,556,371260,0.0414,5.68,2937,46089.71
UC000162SEED,PunchlinePro162,comedy,MX,28974,2945349,423,6963,0.0709,4.65,2731,59.38
UC000163SEED,DollarDrift163,finance,JP,22455,489440,140,3496,0.0172,1.36,3115,62.17
UC000164SEED,SweatSmart164,fitness,UK,11743,151200,280,540,0.0692,4.1,2051,130.35
UC000165SEED,CloudCast165,tech,MX,10001,370064,404,916,0.0594,3.74,3247,24.1
UC000166SEED,SkitKit166,comedy,BR,181709,1222035,257,4755,0.056,5.1,1516,76.25
UC000167SEED,WisdomWell167,education,UK,2880759,108660428,188,577981,0.0218,3.01,1883,26069.14
UC000168SEED,DevDive168,tech,AU,176036,13195392,448,29454,0.0302,3.73,3601,6061.09
UC000169SEED,PixelPulse169,tech,MX,500000,9699260,199,48740,0.0272,2.77,2161,639.42
UC000170SEED,GadgetGuru170,tech,US,41647,327516,294,1114,0.0504,4.42,2002,104.17
UC000171SEED,ClassCraft171,education,AU,14787,664759,421,1579,0.039,4.43,2859,87.58
UC000172SEED,MoneyMind172,finance,FR,13377,139080,60,2318,0.019,3.73,485,177.54
UC000173SEED,PeakPhysique173,fitness,DE,187166,10086720,192,52535,0.0517,2.83,2038,1170.9
UC000174SEED,SiliconSage174,tech,US,1877186,37546833,177,212129,0.0347,3.74,1427,17491.3
UC000175SEED,WealthWave175,finance,BR,178856,355600,28,12700,0.0107,2.08,410,288.07
UC000176SEED,SiliconSage176,tech,FR,947133,109122882,426,256157,0.0344,4.58,2792,21171.07
UC000177SEED,DevDive177,tech,FR,125793,1423377,89,15993,0.0377,3.79,706,774.94
UC000178SEED,SkitKit178,comedy,JP,54697,12764370,695,18366,0.0727,6.56,3178,555.39
UC000179SEED,InvestIQ179,finance,US,176847,1201828,106,11338,0.0329,1.49,2137,346.4
UC000180SEED,FlexFlow180,fitness,AU,82949,4234132,259,16348,0.0168,3.74,2082,405.39
UC000181SEED,CoreCraft181,fitness,UK,24920,2469428,338,7306,0.0612,3.1,3282,170.18
UC000182SEED,ClassCraft182,education,AU,44880,937101,219,4279,0.0572,2.98,2209,233.39
UC000183SEED,StudySync183,education,CA,90714,2796192,456,6132,0.0435,4.07,3359,259.75
UC000184SEED,CodeCraft184,tech,JP,17575,505408,424,1192,0.0353,4.11,3095,81.1
UC000185SEED,HahaHub185,comedy,BR,3897529,143789954,583,246638,0.0583,5.84,2996,3798.68
UC000186SEED,TradeTalk186,finance,AU,26478,35074,13,2698,0.038,0.5,812,32.51
UC000187SEED,WisdomWell187,education,IN,54682,1207995,145,8331,0.0495,2.2,1987,76.62
UC000188SEED,DevDive188,tech,JP,299981,8075884,226,35734,0.0504,2.32,2929,965.58
UC000189SEED,PeakPhysique189,fitness,MX,65850,649329,303,2143,0.0489,5.67,1603,58.04
UC000190SEED,StockSage190,finance,DE,448589,7002349,233,30053,0.0168,2.44,2866,1016.65
UC000191SEED,MindMap191,education,IN,25685,384888,232,1659,0.0423,4.92,1416,10.6
UC000192SEED,CloudCast192,tech,DE,37449,477730,110,4343,0.0379,2.07,1602,124.24
UC000193SEED,CapitalCorner193,finance,JP,14073,415104,188,2208,0.0126,1.46,3877,23.0
UC000194SEED,EduEdge194,education,IN,920748,58168663,469,124027,0.0531,5.35,2631,12227.67
UC000195SEED,ComedyCave195,comedy,MX,2409134,329377664,896,367609,0.0649,7.62,3527,4917.77
UC000196SEED,CloudCast196,tech,BR,309482,3204210,635,5046,0.0329,4.85,3930,153.93
UC000197SEED,PixelPulse197,tech,US,777660,21704242,371,58502,0.0316,3.18,3511,2670.88
UC000198SEED,FlexFlow198,fitness,UK,5683066,285397112,308,926614,0.005,4.71,1961,15629.88
UC000199SEED,LearnLift199,education,IN,16746,58947,147,401,0.0321,1.34,3289,2.86
UC000200SEED,ChuckleChief200,comedy,US,2864251,204198644,611,334204,0.045,6.01,3056,10430.59
UC000201SEED,CoreCraft201,fitness,JP,184340,5455090,190,28711,0.0463,3.11,1844,936.42
UC000202SEED,PeakPhysique202,fitness,IN,222508,1539804,69,22316,0.0374,3.81,547,1194.65
UC000203SEED,DevDive203,tech,CA,11902,573482,299,1918,0.0385,3.34,2693,102.29
UC000204SEED,ClassCraft204,education,AU,236473,14375115,285,50439,0.0334,3.25,2636,2394.01
UC000205SEED,ComedyCave205,comedy,JP,19257,1136200,475,2392,0.0554,6.57,2170,62.17
UC000206SEED,PixelPulse206,tech,AU,2021646,11606000,56,207250,0.0211,4.49,378,13935.96
UC000207SEED,ClassCraft207,education,AU,184660,10709535,505,21207,0.0457,4.13,3672,1434.33
UC000208SEED,DollarDrift208,finance,CA,98515,1543086,118,13077,0.0413,3.66,971,1094.33
UC000209SEED,HahaHub209,comedy,US,38319,360603,389,927,0.0375,5.35,2183,33.54
UC000210SEED,WealthWave210,finance,MX,742003,52890706,374,141419,0.0163,3.25,3456,3114.9
UC000211SEED,DevDive211,tech,FR,64454,2445525,225,10869,0.022,4.47,1512,499.81
UC000212SEED,PixelPulse212,tech,DE,27447,1217748,327,3724,0.0308,4.39,2240,277.02
UC000213SEED,SweatSmart213,fitness,UK,41431,1285824,296,4344,0.0328,3.95,2251,117.81
UC000214SEED,KnowNow214,education,US,433591,4151893,283,14671,0.0314,2.58,3299,535.83
UC000215SEED,ChuckleChief215,comedy,DE,279618,11887104,426,27904,0.0291,6.31,2029,1016.2
UC000216SEED,TechTrace216,tech,DE,18596,485276,451,1076,0.0398,3.53,3846,71.79
UC000217SEED,ComedyCave217,comedy,FR,235372,4022469,451,8919,0.0982,5.06,2676,305.2
UC000218SEED,InvestIQ218,finance,FR,177670,73196,29,2524,0.0489,1.5,591,59.16
UC000219SEED,LearnLift219,education,JP,9248876,47454796,46,1031626,0.0151,0.73,1938,7636.37
UC000220SEED,HahaHub220,comedy,JP,2593252,524837950,475,1104922,0.0681,3.58,3981,17540.22
UC000221SEED,CodeCraft221,tech,BR,202685,23350236,546,42766,0.0267,4.19,3917,944.08
UC000222SEED,MuscleMap222,fitness,FR,303003,4450300,382,11650,0.0485,3.62,3169,929.46
UC000223SEED,SkitKit223,comedy,MX,105744,681986,137,4978,0.0497,5.2,795,29.25
UC000224SEED,LaughLab224,comedy,BR,387210,775446,259,2994,0.0799,4.68,1663,5.86
UC000225SEED,GiggleGang225,comedy,FR,163171,17350320,804,21580,0.0317,6.32,3819,925.43
UC000226SEED,MuscleMap226,fitness,BR,2151566,293548176,684,429164,0.038,5.69,3609,8542.32
UC000227SEED,ThinkTank227,education,MX,500000,33338088,357,93384,0.0324,3.24,3312,1625.37
UC000228SEED,DollarDrift228,finance,FR,61356,628147,211,2977,0.0054,3.33,1910,210.34
UC000229SEED,InvestIQ229,finance,DE,3217834,31722894,114,278271,0.0232,1.12,3061,5741.95
UC000230SEED,ComedyCave230,comedy,UK,1006351,34821816,796,43746,0.0233,7.25,3297,2426.95
UC000231SEED,CryptoClarity231,finance,BR,276868,1148664,33,34808,0.0376,0.7,1442,253.74
UC000232SEED,WealthWave232,finance,CA,946978,56834414,343,165698,0.0262,3.48,2961,9586.53
UC000233SEED,TradeTalk233,finance,DE,39052,2647768,344,7697,0.0366,3.43,3007,491.2
UC000234SEED,ZenZeal234,fitness,UK,23782,3143854,446,7049,0.0608,3.93,3414,196.58
UC000235SEED,ZenZeal235,fitness,CA,283647,12527232,152,82416,0.0526,4.51,1016,3960.24
UC000236SEED,CapitalCorner236,finance,AU,129921,2439882,162,15061,0.0477,3.83,1275,1348.4
UC000237SEED,ByteBlast237,tech,AU,20566,427825,109,3925,0.029,5.34,613,464.75
UC000238SEED,ZenZeal238,fitness,US,371007,15216720,240,63403,0.0567,2.58,2805,1755.53
UC000239SEED,PunchlinePro239,comedy,US,2046446,35681465,155,230203,0.0914,4.59,1016,1488.98
UC000240SEED,SiliconSage240,tech,UK,17175,145200,176,825,0.0381,3.75,1409,39.39
UC000241SEED,AIAlerts241,tech,MX,423100,9189024,222,41392,0.0423,5.0,1337,1600.51
UC000242SEED,WealthWave242,finance,JP,3824358,52710528,78,675776,0.0287,3.16,749,27697.62
UC000243SEED,MoneyMind243,finance,FR,169823,1984850,70,28355,0.0396,0.55,3845,275.39
UC000244SEED,KnowNow244,education,FR,27567,183810,330,557,0.0621,5.1,1944,189.7
UC000245SEED,RoastReel245,comedy,MX,18745,570570,210,2717,0.1073,4.67,1349,35.0
UC000246SEED,AIAlerts246,tech,JP,2364887,49158666,227,216558,0.0331,1.82,3755,5460.29
UC000247SEED,CodeCraft247,tech,AU,4238594,87191451,283,308097,0.0393,6.34,1342,37965.88
UC000248SEED,CryptoClarity248,finance,JP,71747,2284540,206,11090,0.0316,3.15,1973,470.43
UC000249SEED,PeakPhysique249,fitness,BR,156296,5588984,524,10666,0.0382,5.73,2746,178.26
UC000250SEED,BullRunTV250,finance,DE,36790,60190,130,463,0.0146,2.62,1491,21.29
UC000251SEED,FlexFlow251,fitness,FR,1831855,50894052,242,210306,0.0567,4.39,1653,28841.07
UC000252SEED,CapitalCorner252,finance,BR,130662,8412811,341,24671,0.035,3.0,3410,719.2
UC000253SEED,SiliconSage253,tech,US,32087,160362,177,906,0.0284,5.59,951,69.46
UC000254SEED,StockSage254,finance,BR,11999,148433,151,983,0.0518,3.73,1216,24.58
UC000255SEED,TradeTalk255,finance,AU,332264,9548955,195,48969,0.0184,2.21,2660,1880.69
UC000256SEED,CodeCraft256,tech,CA,18681,693021,427,1623,0.0207,3.55,3620,98.92
UC000257SEED,RoastReel257,comedy,JP,115597,1600030,86,18605,0.0719,6.51,401,807.47
UC000258SEED,ZenZeal258,fitness,BR,236865,2823600,104,27150,0.0479,3.04,1031,406.83
UC000259SEED,PixelPulse259,tech,JP,40402,394973,71,5563,0.0292,3.55,606,805.07
UC000260SEED,BullRunTV260,finance,IN,67282,990600,130,7620,0.024,2.28,1719,96.78
UC000261SEED,PunchlinePro261,comedy,US,180832,23933112,602,39756,0.0706,5.49,3289,1879.36
UC000262SEED,MoneyMind262,finance,IN,414150,3008720,110,27352,0.0425,3.79,875,906.34
UC000263SEED,TechTrace263,tech,CA,467919,20073336,573,35032,0.0542,4.79,3596,2426.07
UC000264SEED,RoastReel264,comedy,AU,26321,200196,249,804,0.0662,6.52,1146,40.12
UC000265SEED,AIAlerts265,tech,UK,143940,11478866,434,26449,0.0356,4.53,2881,1701.12
UC000266SEED,CryptoClarity266,finance,UK,127840,3017520,165,18288,0.0343,3.75,1326,1383.6
UC000267SEED,GadgetGuru267,tech,FR,37002,286335,27,10605,0.0222,1.62,506,305.19
UC000268SEED,TradeTalk268,finance,DE,3338283,74445618,69,1078922,0.0267,1.65,1270,29685.3
UC000269SEED,ThinkTank269,education,JP,16300,16040,40,401,0.0606,2.71,446,4.68
UC000270SEED,PixelPulse270,tech,US,103773,1322574,66,20039,0.0473,3.96,506,8999.05
UC000271SEED,FlexFlow271,fitness,IN,18359,648672,232,2796,0.0654,5.84,1196,67.93
UC000272SEED,StockSage272,finance,FR,69986,2837510,365,7774,0.0452,3.33,3289,617.07
UC000273SEED,SiliconSage273,tech,CA,97392,4441658,338,13141,0.02,3.5,2899,738.08
UC000274SEED,WealthWave274,finance,BR,464436,23287645,355,65599,0.0405,3.13,3408,385.88
UC000275SEED,SkillStack275,education,UK,11115,1652464,451,3664,0.0685,3.65,3713,247.06
UC000276SEED,WisdomWell276,education,BR,185641,1589070,141,11270,0.0296,3.76,1132,298.61
UC000277SEED,LiftLab277,fitness,MX,49077,796920,232,3435,0.057,4.41,1583,46.15
UC000278SEED,TradeTalk278,finance,BR,25725,578305,287,2015,0.0146,2.21,3902,32.06
UC000279SEED,EduEdge279,education,JP,16054,664972,238,2794,0.0487,2.54,2814,308.04
UC000280SEED,GiggleGang280,comedy,CA,2359948,42705290,310,137759,0.0659,4.22,2202,4303.36
UC000281SEED,BullRunTV281,finance,JP,29559,1232064,288,4278,0.0277,4.59,1886,385.27
UC000282SEED,WitWave282,comedy,IN,872925,62777750,350,179365,0.0597,4.9,2143,1560.62
UC000283SEED,FlexFlow283,fitness,MX,335704,14305068,387,36964,0.0433,3.71,3136,510.86
UC000284SEED,ZenZeal284,fitness,FR,17563,450996,364,1239,0.0442,4.48,2440,61.56
UC000285SEED,WisdomWell285,education,MX,161277,1939717,131,14807,0.0337,4.46,884,271.07
UC000286SEED,HahaHub286,comedy,IN,142183,4924465,553,8905,0.0472,4.69,3542,64.28
UC000287SEED,GiggleGang287,comedy,MX,241272,4939946,298,16577,0.0444,5.46,1641,892.79
UC000288SEED,BullRunTV288,finance,AU,10000,179680,160,1123,0.0432,1.9,2534,11.62
UC000289SEED,JokeJam289,comedy,UK,10000,28763,49,587,0.1093,3.0,491,7.94
UC000290SEED,GadgetGuru290,tech,MX,226536,842464,112,7522,0.0291,2.43,1386,93.66
UC000291SEED,InvestIQ291,finance,FR,147060,1666488,184,9057,0.0354,2.29,2421,262.19
UC000292SEED,LaughLab292,comedy,MX,2848892,85459316,254,336454,0.0919,5.74,1330,5787.31
UC000293SEED,KnowNow293,education,UK,41315,1076400,400,2691,0.0627,4.05,2967,196.41
UC000294SEED,CloudCast294,tech,IN,1440864,12813360,263,48720,0.0351,2.11,3740,2284.11
UC000295SEED,WisdomWell295,education,JP,254870,8583528,417,20584,0.0422,4.04,3105,1176.88
UC000296SEED,RoastReel296,comedy,BR,52484,5023823,629,7987,0.062,5.22,3620,99.54
UC000297SEED,MoneyMind297,finance,DE,1306215,17423300,74,235450,0.043,2.78,800,28504.82
UC000298SEED,AIAlerts298,tech,BR,174105,4427720,440,10063,0.0404,4.36,3029,263.89
UC000299SEED,LiftLab299,fitness,DE,48770,617328,432,1429,0.0535,3.85,3369,51.89
UC000300SEED,JokeJam300,comedy,BR,43054,231392,112,2066,0.0809,3.41,992,19.9
UC000301SEED,ChuckleChief301,comedy,JP,264170,6515168,166,39248,0.0235,3.9,1284,1028.5
UC000302SEED,SiliconSage302,tech,UK,66464,2037504,128,15918,0.0258,3.42,1124,1157.09
UC000303SEED,BullRunTV303,finance,DE,10000,985520,254,3880,0.0352,2.03,3754,208.76
UC000304SEED,KnowNow304,education,CA,143910,3781120,280,13504,0.0313,2.84,2963,481.56
UC000305SEED,GiggleGang305,comedy,UK,357042,47943075,565,84855,0.0293,5.1,3326,3080.95
UC000306SEED,TradeTalk306,finance,DE,18745,79422,122,651,0.0279,2.05,1801,26.88
UC000307SEED,SkillStack307,education,IN,223844,9716486,338,28747,0.0599,3.83,2654,385.77
UC000308SEED,LiftLab308,fitness,FR,7140555,322960320,288,1121390,0.0617,3.72,2328,116291.27
UC000309SEED,FitForge309,fitness,FR,178660,3959025,175,22623,0.0479,3.9,1353,694.59
UC000310SEED,FitForge310,fitness,JP,110931,1842810,265,6954,0.0681,5.98,1331,297.48
UC000311SEED,FitForge311,fitness,DE,10000,121104,174,696,0.05,5.51,947,37.83
UC000312SEED,ThinkTank312,education,AU,26215,306675,145,2115,0.0387,3.59,1214,101.54
UC000313SEED,SweatSmart313,fitness,CA,26889,828506,434,1909,0.0516,4.04,3227,84.01
UC000314SEED,MoneyMind314,finance,FR,28690,1089277,427,2551,0.0104,3.52,3651,135.0
UC000315SEED,PixelPulse315,tech,UK,500000,11401650,325,35082,0.005,2.77,3529,2044.52
UC000316SEED,StudySync316,education,JP,61141,236550,75,3154,0.0328,2.45,924,91.51
UC000317SEED,ThinkTank317,education,DE,260060,1022897,71,14407,0.0264,1.63,1309,384.42
UC000318SEED,SiliconSage318,tech,DE,15084,23147,79,293,0.0526,2.56,933,15.87
UC000319SEED,LiftLab319,fitness,US,3055073,239582496,438,546992,0.0373,5.34,2465,12170.36
UC000320SEED,FitForge320,fitness,IN,86590,5402989,641,8429,0.0598,5.11,3761,852.1
UC000321SEED,FlexFlow321,fitness,FR,44668,712478,134,5317,0.067,3.13,1284,33.75
UC000322SEED,TradeTalk322,finance,AU,82620,3442080,355,9696,0.0197,3.37,3158,533.02
UC000323SEED,PixelPulse323,tech,BR,130959,5873350,350,16781,0.0322,5.0,2104,493.08
UC000324SEED,TradeTalk324,finance,US,520103,15540476,574,27074,0.0463,4.45,3873,3777.86
UC000325SEED,SkillStack325,education,UK,39094,558530,101,5530,0.0685,2.12,1431,149.2
UC000326SEED,TechTrace326,tech,US,56603,1022321,193,5297,0.0227,4.28,1353,489.49
UC000327SEED,ComedyCave327,comedy,BR,128915,711501,119,5979,0.0492,5.05,708,292.73
UC000328SEED,FlexFlow328,fitness,MX,46241,328560,74,4440,0.0543,5.4,411,79.49
UC000329SEED,GadgetGuru329,tech,DE,99869,796250,65,12250,0.0278,2.79,710,2863.14
UC000330SEED,ByteBlast330,tech,JP,2424115,47261500,130,363550,0.0121,2.52,1553,10442.37
UC000331SEED,ThinkTank331,education,FR,346793,27800032,442,62896,0.0395,4.27,3103,12832.94
UC000332SEED,JokeJam332,comedy,AU,2739509,30306705,195,155419,0.0367,5.44,1078,5626.89
UC000333SEED,RoastReel333,comedy,CA,277827,17064803,443,38521,0.0636,3.98,3345,1124.7
UC000334SEED,GiggleGang334,comedy,IN,116585,2720496,722,3768,0.0369,7.18,3019,176.4
UC000335SEED,SkitKit335,comedy,IN,16205,368765,655,563,0.1016,6.98,2821,8.32
UC000336SEED,FitForge336,fitness,IN,1817115,14980476,219,68404,0.0369,3.78,1738,2578.1
UC000337SEED,WealthWave337,finance,AU,26395,782385,215,3639,0.0241,3.65,1772,282.8
UC000338SEED,GiggleGang338,comedy,AU,258203,6644050,287,23150,0.0417,3.48,2479,358.34
UC000339SEED,StudySync339,education,AU,329064,5558481,271,20511,0.0545,3.31,2462,2412.9
UC000340SEED,ComedyCave340,comedy,DE,18656,1024752,296,3462,0.0742,4.59,1938,38.13
UC000341SEED,PunchlinePro341,comedy,UK,41969,22715,77,295,0.0778,4.52,511,11.18
UC000342SEED,ClassCraft342,education,BR,39836,3277540,287,11420,0.0374,2.19,3936,181.71
UC000343SEED,PunchlinePro343,comedy,JP,25157,205489,67,3067,0.0789,3.76,540,23.5
UC000344SEED,FinFluent344,finance,BR,151207,484314,159,3046,0.0345,2.56,1870,47.37
UC000345SEED,HahaHub345,comedy,DE,214607,7559986,293,25802,0.0515,7.41,1189,786.33
UC000346SEED,SkitKit346,comedy,FR,23406,229124,196,1169,0.0626,2.65,2225,17.45
UC000347SEED,ComedyCave347,comedy,FR,216299,19013184,864,22006,0.1097,6.73,3853,2260.64
UC000348SEED,ByteBlast348,tech,BR,26311,758093,259,2927,0.0127,4.67,1666,63.53
UC000349SEED,CapitalCorner349,finance,BR,32054,203424,312,652,0.0218,3.11,3013,22.32
UC000350SEED,CryptoClarity350,finance,IN,55997,973080,180,5406,0.0241,3.92,1384,191.96
UC000351SEED,BullRunTV351,finance,IN,20962,183742,382,481,0.0476,3.79,3021,33.74
UC000352SEED,ChuckleChief352,comedy,BR,230285,8803624,346,25444,0.0643,5.69,1828,171.54
UC000353SEED,SkillStack353,education,DE,5211231,50015382,113,442614,0.0105,1.6,2123,9934.6
UC000354SEED,SweatSmart354,fitness,JP,35139,1202784,402,2992,0.05,3.94,3063,123.94
UC000355SEED,CoreCraft355,fitness,UK,175430,2340828,196,11943,0.0408,6.93,849,3115.26
UC000356SEED,EduEdge356,education,JP,32231,625760,160,3911,0.0423,1.93,2490,76.88
UC000357SEED,SkitKit357,comedy,FR,34420,2230655,815,2737,0.096,6.79,3602,84.41
UC000358SEED,CoreCraft358,fitness,UK,33704,53156,194,274,0.0224,4.63,1262,2.56
UC000359SEED,WisdomWell359,education,UK,19487,412672,124,3328,0.0584,1.12,3316,61.7
UC000360SEED,HahaHub360,comedy,UK,4025867,199646325,575,347211,0.0788,4.33,3988,12014.09
UC000361SEED,FlexFlow361,fitness,IN,113520,10936440,510,21444,0.0375,4.91,3120,390.62
UC000362SEED,LiftLab362,fitness,IN,219661,11271876,363,31052,0.0444,2.82,3875,241.1
UC000363SEED,GadgetGuru363,tech,MX,65062,961556,178,5402,0.0179,4.42,1209,187.68
UC000364SEED,PeakPhysique364,fitness,MX,2108925,17079876,132,129393,0.0523,3.85,1029,539.84
UC000365SEED,SkillStack365,education,JP,3459620,124754976,288,433177,0.0282,2.48,3481,15063.33
UC000366SEED,CryptoClarity366,finance,IN,239939,2674224,98,27288,0.0226,3.69,801,897.36
UC000367SEED,MindMap367,education,JP,55638,2331720,381,6120,0.0498,4.05,2828,291.6
UC000368SEED,GadgetGuru368,tech,IN,27413,482570,214,2255,0.0391,1.89,3405,28.24
UC000369SEED,CapitalCorner369,finance,UK,367754,12238633,211,58003,0.0315,3.77,1684,5407.21
UC000370SEED,HahaHub370,comedy,CA,178923,4472700,300,14909,0.049,6.7,1348,554.61
UC000371SEED,DollarDrift371,finance,AU,35509,220896,32,6903,0.0307,0.5,1966,70.35
UC000372SEED,CoreCraft372,fitness,AU,28145,452504,494,916,0.045,4.61,3218,8.28
UC000373SEED,AIAlerts373,tech,MX,199725,19541084,436,44819,0.0288,3.53,3711,1207.98
UC000374SEED,LaughLab374,comedy,MX,163040,1499350,191,7850,0.0686,5.89,975,491.73
UC000375SEED,DollarDrift375,finance,US,63618,625872,104,6018,0.0482,1.96,1605,339.1
UC000376SEED,FitForge376,fitness,MX,29601,550032,336,1637,0.0436,4.35,2322,17.09
UC000377SEED,DevDive377,tech,AU,18765,118300,52,2275,0.0399,2.59,612,100.24
UC000378SEED,BrainBoost378,education,AU,14355,46784,43,1088,0.0301,1.73,753,20.34
UC000379SEED,SkillStack379,education,BR,33442,556346,98,5677,0.0404,4.56,648,188.92
UC000380SEED,LiftLab380,fitness,DE,1592363,43499187,387,112401,0.0306,3.23,3593,3780.49
UC000381SEED,KnowNow381,education,IN,30631,436839,69,6331,0.0539,0.64,3260,12.83
UC000382SEED,WitWave382,comedy,CA,31810,1918547,683,2809,0.078,5.34,3838,120.57
UC000383SEED,PeakPhysique383,fitness,UK,20068,452200,476,950,0.0474,5.41,2646,186.27
UC000384SEED,TechTrace384,tech,BR,40034,285600,150,1904,0.0405,4.99,904,70.72
UC000385SEED,ChuckleChief385,comedy,MX,122207,1950504,804,2426,0.0625,7.19,3360,45.01
UC000386SEED,ClassCraft386,education,JP,48513,49725,25,1989,0.0505,1.33,567,42.86
UC000387SEED,InvestIQ387,finance,UK,15869,179280,120,1494,0.0346,2.45,1483,103.14
UC000388SEED,FitForge388,fitness,MX,127705,3349960,178,18820,0.0698,3.11,1717,55.76
UC000389SEED,CodeCraft389,tech,FR,550180,12473136,312,39978,0.0261,2.43,3860,480.2
UC000390SEED,ThinkTank390,education,IN,69218,4008578,422,9499,0.0375,3.85,3291,151.73
UC000391SEED,WitWave391,comedy,US,124840,1785791,203,8797,0.1007,5.86,1042,483.84
UC000392SEED,SkitKit392,comedy,JP,191444,10400247,429,24243,0.0659,6.16,2091,556.41
UC000393SEED,AIAlerts393,tech,AU,11407,565964,574,986,0.0243,4.4,3917,85.71
UC000394SEED,BullRunTV394,finance,IN,206099,4695602,158,29719,0.0232,2.97,1606,562.97
UC000395SEED,GadgetGuru395,tech,DE,135915,7712158,523,14746,0.0303,4.52,3471,826.14
UC000396SEED,LearnLift396,education,JP,596074,2512092,132,19031,0.0471,3.68,1079,4399.23
UC000397SEED,CoreCraft397,fitness,DE,93266,833340,60,13889,0.0567,3.27,557,385.48
UC000398SEED,SiliconSage398,tech,JP,207848,2849615,305,9343,0.0405,3.65,2515,523.49
UC000399SEED,SweatSmart399,fitness,BR,134583,3967236,692,5733,0.0373,6.31,3291,182.56
UC000400SEED,CloudCast400,tech,DE,361380,1217760,40,30444,0.0096,2.47,498,867.01
UC000401SEED,SiliconSage401,tech,AU,1655252,1619489,139,11651,0.038,1.86,2247,48.55
UC000402SEED,WealthWave402,finance,BR,122219,661500,45,14700,0.0405,2.74,497,362.26
UC000403SEED,AIAlerts403,tech,FR,28455,813762,159,5118,0.0273,3.17,1511,252.27
UC000404SEED,TechTrace404,tech,CA,307793,3025726,121,25006,0.052,1.8,2021,948.54
UC000405SEED,DevDive405,tech,MX,179031,1502475,201,7475,0.0202,2.58,2351,156.76
UC000406SEED,WealthWave406,finance,MX,19266,664602,257,2586,0.0325,2.72,2848,60.68
UC000407SEED,StudySync407,education,DE,2737902,83539989,221,378009,0.0259,2.52,2631,12587.67
UC000408SEED,LearnLift408,education,JP,22957,535410,162,3305,0.0279,3.14,1550,125.74
UC000409SEED,FitForge409,fitness,JP,171658,1488840,57,26120,0.0412,3.93,441,833.58
UC000410SEED,GadgetGuru410,tech,BR,926920,11093148,654,16962,0.0216,5.2,3775,555.39
UC000411SEED,HahaHub411,comedy,JP,21057,919336,341,2696,0.0595,6.95,1471,92.59
UC000412SEED,GadgetGuru412,tech,FR,436030,6583600,109,60400,0.0234,1.66,1981,1366.95
UC000413SEED,HahaHub413,comedy,CA,10000,754453,623,1211,0.0936,7.52,2485,62.52
UC000414SEED,SweatSmart414,fitness,FR,189220,7387842,462,15991,0.0505,3.53,3923,469.03
UC000415SEED,PunchlinePro415,comedy,UK,18948,1021449,429,2381,0.0918,5.46,2363,84.46
UC000416SEED,JokeJam416,comedy,IN,63987,2046338,343,5966,0.0845,4.98,2071,48.75
UC000417SEED,WitWave417,comedy,FR,39530,2130568,284,7502,0.0684,5.29,1611,149.22
UC000418SEED,SweatSmart418,fitness,JP,53871,1004920,296,3395,0.0421,2.98,2983,60.89
UC000419SEED,GainGuru419,fitness,UK,184631,8923706,394,22649,0.01,5.12,2311,1537.3
UC000420SEED,MoneyMind420,finance,JP,288765,1743401,187,9323,0.0178,2.79,2011,478.45
UC000421SEED,BrainBoost421,education,DE,146226,610100,100,6101,0.0373,2.3,1305,227.64
UC000422SEED,CryptoClarity422,finance,JP,2064712,1789359,43,41613,0.0228,3.17,416,1968.96
UC000423SEED,EduEdge423,education,CA,565776,114477382,694,164953,0.0381,6.01,3466,14825.44
UC000424SEED,WealthWave424,finance,UK,20794,31486,182,173,0.023,3.11,1762,14.32
UC000425SEED,IronPulse425,fitness,BR,28624,273372,76,3597,0.0535,1.94,1180,25.13
UC000426SEED,EduEdge426,education,FR,33800,1295291,283,4577,0.0392,4.2,2029,239.92
UC000427SEED,BullRunTV427,finance,US,319931,448292,26,17242,0.0269,1.42,552,524.72
UC000428SEED,SkitKit428,comedy,FR,500000,39682480,496,80005,0.0296,8.01,1859,2442.07
UC000429SEED,FlexFlow429,fitness,JP,132446,8667450,550,15759,0.0256,4.82,3424,500.29
UC000430SEED,ChuckleChief430,comedy,IN,15318,182784,204,896,0.0414,4.99,1232,11.69
UC000431SEED,InvestIQ431,finance,DE,902237,4399408,104,42302,0.0317,1.43,2204,1380.11
UC000432SEED,PeakPhysique432,fitness,MX,16023,216354,337,642,0.0363,5.46,1852,14.54
UC000433SEED,TechTrace433,tech,DE,343874,18325158,667,27474,0.0387,5.42,3691,2991.45
UC000434SEED,SweatSmart434,fitness,FR,82666,4196910,285,14726,0.0514,3.22,2661,352.39
UC000435SEED,WisdomWell435,education,CA,15508,419118,357,1174,0.0498,2.87,3737,51.38
UC000436SEED,ComedyCave436,comedy,MX,3005345,81558736,392,208058,0.103,4.78,2463,518.17
UC000437SEED,CoreCraft437,fitness,US,54481,1722160,152,11330,0.0531,4.78,958,659.96
UC000438SEED,EduEdge438,education,JP,18827,214272,64,3348,0.0357,2.51,773,79.65
UC000439SEED,CapitalCorner439,finance,AU,304341,1361416,46,29596,0.0313,0.87,1604,733.5
UC000440SEED,WisdomWell440,education,IN,52818,4244562,513,8274,0.0602,4.6,3352,120.84
UC000441SEED,StudySync441,education,JP,41502,746102,274,2723,0.0414,4.05,2034,100.1
UC000442SEED,FitForge442,fitness,MX,3062957,23549892,76,309867,0.0385,1.37,1673,340.35
UC000443SEED,AIAlerts443,tech,DE,54708,160758,458,351,0.0155,3.82,3603,122.86
UC000444SEED,InvestIQ444,finance,US,41214,1983285,177,11205,0.0417,2.24,2366,488.55
UC000445SEED,GadgetGuru445,tech,JP,59799,286385,55,5207,0.0367,3.86,428,208.32
UC000446SEED,ClassCraft446,education,UK,102693,1041752,428,2434,0.0484,4.87,2639,195.08
UC000447SEED,CapitalCorner447,finance,JP,2156223,39836712,102,390556,0.044,2.96,1034,5084.78
UC000448SEED,CloudCast448,tech,BR,258617,1774896,103,17232,0.037,2.07,1506,28.04
UC000449SEED,WitWave449,comedy,US,310719,4702372,164,28673,0.0367,5.5,897,1090.41
UC000450SEED,SiliconSage450,tech,UK,82074,4913271,297,16543,0.0233,2.26,3942,2283.44
UC000451SEED,MoneyMind451,finance,JP,195139,9100916,391,23276,0.0173,3.09,3802,1305.25
UC000452SEED,BrainBoost452,education,US,174177,1073000,100,10730,0.0284,3.42,878,673.38
UC000453SEED,ThinkTank453,education,DE,325260,4085520,232,17610,0.0463,2.87,2435,804.51
UC000454SEED,MindMap454,education,UK,3487405,13589256,102,133228,0.0621,1.75,1756,2692.53
UC000455SEED,PeakPhysique455,fitness,DE,1075391,7442589,101,73689,0.0528,5.02,609,3130.68
UC000456SEED,ByteBlast456,tech,IN,309443,340595,85,4007,0.0409,2.85,896,79.25
UC000457SEED,StockSage457,finance,AU,19873,265095,137,1935,0.0452,1.49,2774,75.31
UC000458SEED,SiliconSage458,tech,BR,18022,28153,47,599,0.058,2.09,686,8.96
UC000459SEED,FlexFlow459,fitness,AU,4724224,118212188,263,449476,0.0601,3.99,1985,18152.65
UC000460SEED,WealthWave460,finance,BR,761842,11051400,150,73676,0.0396,2.17,2089,1490.78
UC000461SEED,ZenZeal461,fitness,CA,19321,68153,323,211,0.0549,3.2,3040,11.06
UC000462SEED,WealthWave462,finance,FR,335819,8450504,148,57098,0.0282,2.21,2020,2811.74
UC000463SEED,GainGuru463,fitness,US,143268,6273300,275,22812,0.0448,3.12,2647,643.07
UC000464SEED,TradeTalk464,finance,IN,304052,1594866,138,11557,0.0299,2.49,1669,157.34
UC000465SEED,ComedyCave465,comedy,MX,164506,1979440,218,9080,0.0785,5.2,1258,99.27
UC000466SEED,MuscleMap466,fitness,AU,17373,888320,694,1280,0.0446,6.53,3192,59.81
UC000467SEED,ZenZeal467,fitness,BR,2647541,278333388,444,626877,0.0174,4.78,2787,3745.84
UC000468SEED,LiftLab468,fitness,BR,1701034,37009584,139,266256,0.06,3.31,1267,857.96
UC000469SEED,BrainBoost469,education,JP,1028501,12482743,221,56483,0.0449,4.14,1606,3230.45
UC000470SEED,WitWave470,comedy,BR,64872,4823420,524,9205,0.0798,4.75,3312,79.43
UC000471SEED,FitForge471,fitness,AU,5945070,139430994,366,380959,0.0526,3.27,3365,9456.5
UC000472SEED,FinFluent472,finance,JP,510234,3316560,52,63780,0.0346,3.67,426,5038.66
UC000473SEED,FlexFlow473,fitness,BR,575070,4108975,269,15275,0.0464,2.57,3146,202.52
UC000474SEED,StudySync474,education,DE,220300,2855415,95,30057,0.0472,2.22,1285,922.62
UC000475SEED,WealthWave475,finance,AU,58180,1289812,254,5078,0.0357,2.19,3477,286.86
UC000476SEED,FinFluent476,finance,CA,35808,635183,307,2069,0.0213,3.44,2688,168.24
UC000477SEED,SweatSmart477,fitness,FR,201524,17408747,313,55619,0.0496,2.83,3326,1303.61
UC000478SEED,MoneyMind478,finance,CA,295784,18927360,240,78864,0.0394,2.09,3443,3413.62
UC000479SEED,ThinkTank479,education,CA,25580,440640,320,1377,0.0316,2.52,3815,46.58
UC000480SEED,FitForge480,fitness,JP,510986,9652608,171,56448,0.0341,2.97,1736,1390.74
UC000481SEED,CloudCast481,tech,DE,291943,1570712,44,35698,0.0295,1.2,1110,514.13
UC000482SEED,WisdomWell482,education,UK,17752,147412,274,538,0.0414,3.82,2157,25.51
UC000483SEED,GainGuru483,fitness,DE,268337,2629550,350,7513,0.0353,4.74,2217,29.17
UC000484SEED,ZenZeal484,fitness,US,20266,261612,676,387,0.0624,5.4,3757,18.31
UC000485SEED,ThinkTank485,education,AU,643758,39026112,344,113448,0.0544,2.72,3804,3850.94
UC000486SEED,SiliconSage486,tech,CA,38494,490620,195,2516,0.017,3.41,1718,153.59
UC000487SEED,SkitKit487,comedy,FR,30813,912380,532,1715,0.0423,7.01,2280,84.78
UC000488SEED,BrainBoost488,education,IN,10926,352954,238,1483,0.0579,2.18,3282,11.43
UC000489SEED,ByteBlast489,tech,FR,23251,352070,85,4142,0.0281,4.1,628,220.69
UC000490SEED,ByteBlast490,tech,US,34945,37120,40,928,0.0362,2.22,551,7.74
UC000491SEED,MoneyMind491,finance,BR,44163,851408,127,6704,0.0226,3.61,1057,215.69
UC000492SEED,IronPulse492,fitness,US,66444,1487178,261,5698,0.0679,4.51,1741,297.36
UC000493SEED,ByteBlast493,tech,MX,268275,5255544,168,31283,0.0411,5.2,971,943.99
UC000494SEED,FinFluent494,finance,JP,186175,8120145,319,25455,0.0333,3.66,2617,548.97
UC000495SEED,PunchlinePro495,comedy,JP,1631872,23612332,428,55169,0.0719,4.79,2684,473.83
UC000496SEED,GainGuru496,fitness,UK,61608,1589685,655,2427,0.0576,5.83,3370,188.02
UC000497SEED,SweatSmart497,fitness,MX,170535,5126528,352,14564,0.0628,2.76,3824,172.31
UC000498SEED,SkillStack498,education,UK,26043,122925,165,745,0.0612,2.34,2128,23.27
UC000499SEED,FlexFlow499,fitness,CA,109873,3365670,231,14570,0.0528,5.06,1373,727.3
